Year,Entity,Life expectancy
1802,Australia,34.049999
1803,Australia,34.049999
1804,Australia,34.049999
1805,Australia,34.049999
1806,Australia,34.049999
1807,Australia,34.049999
1808,Australia,34.049999
1809,Australia,34.049999
1810,Australia,34.049999
1811,Australia,34.049999
1812,Australia,34.049999
1813,Australia,34.049999
1814,Australia,34.049999
1815,Australia,34.049999
1816,Australia,34.049999
1817,Australia,34.049999
1818,Australia,34.049999
1819,Australia,34.049999
1820,Australia,34.049999
1821,Australia,34.049999
1822,Australia,34.049999
1823,Australia,34.049999
1824,Australia,34.049999
1825,Australia,34.049999
1826,Australia,34.049999
1827,Australia,34.049999
1828,Australia,34.049999
1829,Australia,34.049999
1830,Australia,34.049999
1831,Australia,34.049999
1832,Australia,34.049999
1833,Australia,34.049999
1834,Australia,34.049999
1835,Australia,34.049999
1836,Australia,34.049999
1837,Australia,34.049999
1838,Australia,34.049999
1839,Australia,34.049999
1840,Australia,34.049999
1841,Australia,34.049999
1842,Australia,34.049999
1843,Australia,34.049999
1844,Australia,34.049999
1845,Australia,34.049999
1846,Australia,34.049999
1847,Australia,34.049999
1848,Australia,34.049999
1849,Australia,34.049999
1850,Australia,34.049999
1851,Australia,34.049999
1852,Australia,34.049999
1853,Australia,34.049999
1854,Australia,34.049999
1855,Australia,34.049999
1856,Australia,34.049999
1857,Australia,34.049999
1858,Australia,34.049999
1859,Australia,34.049999
1860,Australia,34.049999
1861,Australia,34.049999
1862,Australia,34.049999
1863,Australia,34.049999
1864,Australia,34.049999
1865,Australia,34.049999
1866,Australia,34.049999
1867,Australia,34.049999
1868,Australia,34.049999
1869,Australia,34.049999
1870,Australia,34.049999
1871,Australia,34.579216
1872,Australia,35.108433
1873,Australia,35.637646
1874,Australia,36.166862
1875,Australia,36.696079
1876,Australia,37.225296
1877,Australia,37.754509
1878,Australia,38.283726
1879,Australia,38.812943
1880,Australia,39.342155
1881,Australia,39.871372
1882,Australia,40.400589
1883,Australia,40.929806
1884,Australia,41.459019
1885,Australia,41.988235
1886,Australia,42.517452
1887,Australia,43.046665
1888,Australia,43.575882
1889,Australia,44.105099
1890,Australia,44.634315
1891,Australia,45.163528
1892,Australia,45.692745
1893,Australia,46.221962
1894,Australia,46.751175
1895,Australia,47.280392
1896,Australia,47.809608
1897,Australia,48.338825
1898,Australia,48.868038
1899,Australia,49.397255
1900,Australia,49.926472
1901,Australia,50.455685
1902,Australia,50.984901
1903,Australia,51.514118
1904,Australia,52.043335
1905,Australia,52.572548
1906,Australia,53.101765
1907,Australia,53.630981
1908,Australia,54.160194
1909,Australia,54.689411
1910,Australia,55.218628
1911,Australia,55.747845
1912,Australia,56.277058
1913,Australia,56.806274
1914,Australia,57.335491
1915,Australia,57.864704
1916,Australia,58.393921
1917,Australia,58.923138
1918,Australia,54.802391
1919,Australia,59.981567
1920,Australia,60.510784
1921,Australia,61.040001
1922,Australia,62.889999
1923,Australia,61.73
1924,Australia,62.529999
1925,Australia,63.220001
1926,Australia,62.939999
1927,Australia,62.91
1928,Australia,62.959999
1929,Australia,63.150002
1930,Australia,64.959999
1931,Australia,65.389999
1932,Australia,65.690002
1933,Australia,65.519997
1934,Australia,64.879997
1935,Australia,65.150002
1936,Australia,65.269997
1937,Australia,65.830002
1938,Australia,65.870003
1939,Australia,65.82
1940,Australia,66.260002
1941,Australia,66.139999
1942,Australia,65.879997
1943,Australia,66.400002
1944,Australia,68.029999
1945,Australia,68.459999
1946,Australia,67.980003
1947,Australia,68.589996
1948,Australia,68.510002
1949,Australia,69.129997
1950,Australia,69.019997
1951,Australia,68.720001
1952,Australia,69.120003
1953,Australia,69.699997
1954,Australia,69.849998
1955,Australia,70.169998
1956,Australia,70.050003
1957,Australia,70.330002
1958,Australia,70.879997
1959,Australia,70.449997
1960,Australia,70.889999
1961,Australia,71.160004
1962,Australia,70.93
1963,Australia,70.989998
1964,Australia,70.650002
1965,Australia,70.980003
1966,Australia,70.82
1967,Australia,71.099998
1968,Australia,70.730003
1969,Australia,71.139999
1970,Australia,70.809998
1971,Australia,71.410004
1972,Australia,71.93
1973,Australia,72.139999
1974,Australia,71.889999
1975,Australia,72.839996
1976,Australia,72.879997
1977,Australia,73.489998
1978,Australia,73.879997
1979,Australia,74.440002
1980,Australia,74.599998
1981,Australia,74.959999
1982,Australia,74.739998
1983,Australia,75.550003
1984,Australia,76.019997
1985,Australia,75.449997
1986,Australia,76.129997
1987,Australia,76.32
1988,Australia,76.349998
1989,Australia,76.449997
1990,Australia,77.019997
1991,Australia,77.389999
1992,Australia,77.620003
1993,Australia,77.889999
1994,Australia,78.050003
1995,Australia,78.300003
1996,Australia,78.5
1997,Australia,78.800003
1998,Australia,79.110001
1999,Australia,79.400002
2000,Australia,79.709999
2001,Australia,80.019997
2002,Australia,80.239998
2003,Australia,80.540001
2004,Australia,80.809998
2005,Australia,81.089996
2006,Australia,81.269997
2007,Australia,81.43
2008,Australia,81.580002
2009,Australia,81.790001
2010,Australia,81.989998
2011,Australia,82.150002
2012,Australia,82.330002
2013,Australia,82.529999
2014,Australia,82.580002
2015,Australia,82.550003
2016,Australia,82.519997
1800,Brazil,32
1801,Brazil,31.999807
1802,Brazil,31.999613
1803,Brazil,31.99942
1804,Brazil,31.999228
1805,Brazil,31.999033
1806,Brazil,31.99884
1807,Brazil,31.998646
1808,Brazil,31.998453
1809,Brazil,31.99826
1810,Brazil,31.998066
1811,Brazil,31.997873
1812,Brazil,31.997681
1813,Brazil,31.997486
1814,Brazil,31.997293
1815,Brazil,31.997101
1816,Brazil,31.996906
1817,Brazil,31.996714
1818,Brazil,31.996519
1819,Brazil,31.996326
1820,Brazil,31.996134
1821,Brazil,31.995939
1822,Brazil,31.995747
1823,Brazil,31.995554
1824,Brazil,31.995359
1825,Brazil,31.995167
1826,Brazil,31.994974
1827,Brazil,31.99478
1828,Brazil,31.994587
1829,Brazil,31.994392
1830,Brazil,31.9942
1831,Brazil,31.994007
1832,Brazil,31.993813
1833,Brazil,31.99362
1834,Brazil,31.993427
1835,Brazil,31.993233
1836,Brazil,31.99304
1837,Brazil,31.992847
1838,Brazil,31.992653
1839,Brazil,31.99246
1840,Brazil,31.992268
1841,Brazil,31.992073
1842,Brazil,31.99188
1843,Brazil,31.991686
1844,Brazil,31.991493
1845,Brazil,31.991301
1846,Brazil,31.991106
1847,Brazil,31.990913
1848,Brazil,31.990721
1849,Brazil,31.990526
1850,Brazil,31.990334
1851,Brazil,31.990141
1852,Brazil,31.989946
1853,Brazil,31.989754
1854,Brazil,31.989559
1855,Brazil,31.989367
1856,Brazil,31.989174
1857,Brazil,31.988979
1858,Brazil,31.988787
1859,Brazil,31.988594
1860,Brazil,31.9884
1861,Brazil,31.988207
1862,Brazil,31.988014
1863,Brazil,31.98782
1864,Brazil,31.987627
1865,Brazil,31.987432
1866,Brazil,31.98724
1867,Brazil,31.987047
1868,Brazil,31.986853
1869,Brazil,31.98666
1870,Brazil,31.986467
1871,Brazil,31.986273
1872,Brazil,31.98608
1873,Brazil,31.985888
1874,Brazil,31.985693
1875,Brazil,31.9855
1876,Brazil,31.985306
1877,Brazil,31.985113
1878,Brazil,31.984921
1879,Brazil,31.984726
1880,Brazil,31.984533
1881,Brazil,31.984341
1882,Brazil,31.984146
1883,Brazil,31.983953
1884,Brazil,31.983761
1885,Brazil,31.983566
1886,Brazil,31.983374
1887,Brazil,31.983179
1888,Brazil,31.982986
1889,Brazil,31.982794
1890,Brazil,31.982599
1891,Brazil,31.982407
1892,Brazil,31.982214
1893,Brazil,31.982019
1894,Brazil,31.981827
1895,Brazil,31.981634
1896,Brazil,31.98144
1897,Brazil,31.981247
1898,Brazil,31.981052
1899,Brazil,31.98086
1900,Brazil,31.980667
1901,Brazil,31.980473
1902,Brazil,31.98028
1903,Brazil,31.980087
1904,Brazil,31.979893
1905,Brazil,31.9797
1906,Brazil,31.979507
1907,Brazil,31.979313
1908,Brazil,31.97912
1909,Brazil,31.978928
1910,Brazil,31.978733
1911,Brazil,31.97854
1912,Brazil,31.978346
1913,Brazil,31.978153
1914,Brazil,31.977961
1915,Brazil,31.977766
1916,Brazil,31.977573
1917,Brazil,31.977381
1918,Brazil,26.978191
1919,Brazil,31.976994
1920,Brazil,31.976801
1921,Brazil,31.97912
1922,Brazil,31.98144
1923,Brazil,31.983761
1924,Brazil,31.98608
1925,Brazil,31.9884
1926,Brazil,31.990721
1927,Brazil,31.99304
1928,Brazil,31.995359
1929,Brazil,31.997681
1930,Brazil,32
1931,Brazil,32.464073
1932,Brazil,32.928143
1933,Brazil,33.392216
1934,Brazil,33.856289
1935,Brazil,34.320358
1936,Brazil,34.784431
1937,Brazil,35.248505
1938,Brazil,35.712578
1939,Brazil,36.176647
1940,Brazil,36.64072
1941,Brazil,37.772575
1942,Brazil,38.90443
1943,Brazil,40.036289
1944,Brazil,41.168144
1945,Brazil,42.299999
1946,Brazil,43.848
1947,Brazil,45.396
1948,Brazil,46.944
1949,Brazil,48.492001
1950,Brazil,50.040001
1951,Brazil,50.279999
1952,Brazil,50.763
1953,Brazil,51.248001
1954,Brazil,51.737
1955,Brazil,52.23
1956,Brazil,52.724998
1957,Brazil,53.222
1958,Brazil,53.720001
1959,Brazil,54.214001
1960,Brazil,54.702
1961,Brazil,55.179001
1962,Brazil,55.643002
1963,Brazil,56.091
1964,Brazil,56.521
1965,Brazil,56.935001
1966,Brazil,57.334
1967,Brazil,57.722
1968,Brazil,58.105
1969,Brazil,58.484001
1970,Brazil,58.865002
1971,Brazil,59.250999
1972,Brazil,59.644001
1973,Brazil,60.042
1974,Brazil,60.443001
1975,Brazil,60.844002
1976,Brazil,61.236
1977,Brazil,61.615002
1978,Brazil,61.978001
1979,Brazil,62.327999
1980,Brazil,62.668999
1981,Brazil,63.007999
1982,Brazil,63.353001
1983,Brazil,63.709999
1984,Brazil,64.081001
1985,Brazil,64.466003
1986,Brazil,64.862
1987,Brazil,65.264
1988,Brazil,65.667
1989,Brazil,66.068001
1990,Brazil,68.410004
1991,Brazil,68.739998
1992,Brazil,68.910004
1993,Brazil,69.129997
1994,Brazil,69.379997
1995,Brazil,69.660004
1996,Brazil,69.959999
1997,Brazil,70.339996
1998,Brazil,70.669998
1999,Brazil,70.980003
2000,Brazil,71.360001
2001,Brazil,71.760002
2002,Brazil,72.059998
2003,Brazil,72.330002
2004,Brazil,72.620003
2005,Brazil,72.93
2006,Brazil,73.199997
2007,Brazil,73.459999
2008,Brazil,73.720001
2009,Brazil,73.940002
2010,Brazil,74.150002
2011,Brazil,74.379997
2012,Brazil,74.639999
2013,Brazil,74.839996
2014,Brazil,75.010002
2015,Brazil,75.139999
2016,Brazil,75.239998
1800,Canada,39
1801,Canada,39.001495
1802,Canada,39.002995
1803,Canada,39.00449
1804,Canada,39.005985
1805,Canada,39.007484
1806,Canada,39.00898
1807,Canada,39.010479
1808,Canada,39.011974
1809,Canada,39.01347
1810,Canada,39.014969
1811,Canada,39.016464
1812,Canada,39.01796
1813,Canada,39.019459
1814,Canada,39.020954
1815,Canada,39.022453
1816,Canada,39.023949
1817,Canada,39.025444
1818,Canada,39.026943
1819,Canada,39.028439
1820,Canada,39.029934
1821,Canada,39.031433
1822,Canada,39.032928
1823,Canada,39.034428
1824,Canada,39.035923
1825,Canada,39.037418
1826,Canada,39.038918
1827,Canada,39.040413
1828,Canada,39.041908
1829,Canada,39.043407
1830,Canada,39.044903
1831,Canada,39.046398
1832,Canada,39.173481
1833,Canada,39.30056
1834,Canada,39.427639
1835,Canada,39.554722
1836,Canada,39.681801
1837,Canada,39.80888
1838,Canada,39.935959
1839,Canada,40.063042
1840,Canada,40.190121
1841,Canada,40.3172
1842,Canada,40.391449
1843,Canada,40.465694
1844,Canada,40.539944
1845,Canada,40.614193
1846,Canada,40.688438
1847,Canada,40.762688
1848,Canada,40.836937
1849,Canada,40.911182
1850,Canada,40.985432
1851,Canada,41.059681
1852,Canada,41.113216
1853,Canada,41.166752
1854,Canada,41.220287
1855,Canada,41.273823
1856,Canada,41.327358
1857,Canada,41.380898
1858,Canada,41.434433
1859,Canada,41.487968
1860,Canada,41.541504
1861,Canada,41.595039
1862,Canada,41.691216
1863,Canada,41.787392
1864,Canada,41.883568
1865,Canada,41.979744
1866,Canada,42.07592
1867,Canada,42.172096
1868,Canada,42.268272
1869,Canada,42.364449
1870,Canada,42.460625
1871,Canada,42.556801
1872,Canada,42.774097
1873,Canada,42.99139
1874,Canada,43.208687
1875,Canada,43.425983
1876,Canada,43.64328
1877,Canada,43.860577
1878,Canada,44.077873
1879,Canada,44.29517
1880,Canada,44.512463
1881,Canada,44.729759
1882,Canada,44.7742
1883,Canada,44.818642
1884,Canada,44.863079
1885,Canada,44.90752
1886,Canada,44.951962
1887,Canada,44.996399
1888,Canada,45.04084
1889,Canada,45.085281
1890,Canada,45.129719
1891,Canada,45.17416
1892,Canada,45.520191
1893,Canada,45.866222
1894,Canada,46.212257
1895,Canada,46.558289
1896,Canada,46.90432
1897,Canada,47.250351
1898,Canada,47.596382
1899,Canada,47.942417
1900,Canada,48.288448
1901,Canada,48.63448
1902,Canada,49.022095
1903,Canada,49.409714
1904,Canada,49.797329
1905,Canada,50.184944
1906,Canada,50.572559
1907,Canada,50.960175
1908,Canada,51.347794
1909,Canada,51.735409
1910,Canada,52.123024
1911,Canada,52.510639
1912,Canada,52.961575
1913,Canada,53.412514
1914,Canada,53.863449
1915,Canada,54.314384
1916,Canada,54.76532
1917,Canada,55.216255
1918,Canada,47.169968
1919,Canada,56.11813
1920,Canada,56.569065
1921,Canada,57.02
1922,Canada,57.02
1923,Canada,57.02
1924,Canada,58.830002
1925,Canada,59.310001
1926,Canada,57.990002
1927,Canada,58.68
1928,Canada,58.57
1929,Canada,57.970001
1930,Canada,58.950001
1931,Canada,60.360001
1932,Canada,61.43
1933,Canada,62.360001
1934,Canada,62.77
1935,Canada,62.490002
1936,Canada,62.720001
1937,Canada,61.349998
1938,Canada,63.310001
1939,Canada,63.740002
1940,Canada,64.010002
1941,Canada,63.759998
1942,Canada,64.699997
1943,Canada,64.610001
1944,Canada,65.349998
1945,Canada,66.330002
1946,Canada,66.529999
1947,Canada,66.779999
1948,Canada,67.330002
1949,Canada,67.650002
1950,Canada,68.279999
1951,Canada,68.550003
1952,Canada,68.75
1953,Canada,69.129997
1954,Canada,69.989998
1955,Canada,70.050003
1956,Canada,70.040001
1957,Canada,69.959999
1958,Canada,70.620003
1959,Canada,70.660004
1960,Canada,71.040001
1961,Canada,71.269997
1962,Canada,71.300003
1963,Canada,71.309998
1964,Canada,71.690002
1965,Canada,71.790001
1966,Canada,71.919998
1967,Canada,72.129997
1968,Canada,72.290001
1969,Canada,72.449997
1970,Canada,72.650002
1971,Canada,72.980003
1972,Canada,72.879997
1973,Canada,73.110001
1974,Canada,73.190002
1975,Canada,73.489998
1976,Canada,73.919998
1977,Canada,74.209999
1978,Canada,74.540001
1979,Canada,74.900002
1980,Canada,75.139999
1981,Canada,75.550003
1982,Canada,75.760002
1983,Canada,76.129997
1984,Canada,76.43
1985,Canada,76.410004
1986,Canada,76.559998
1987,Canada,76.860001
1988,Canada,76.93
1989,Canada,77.199997
1990,Canada,77.43
1991,Canada,77.610001
1992,Canada,77.760002
1993,Canada,77.82
1994,Canada,77.93
1995,Canada,78.07
1996,Canada,78.309998
1997,Canada,78.57
1998,Canada,78.779999
1999,Canada,79.010002
2000,Canada,79.260002
2001,Canada,79.480003
2002,Canada,79.660004
2003,Canada,79.839996
2004,Canada,80.050003
2005,Canada,80.230003
2006,Canada,80.480003
2007,Canada,80.650002
2008,Canada,80.870003
2009,Canada,81.120003
2010,Canada,81.339996
2011,Canada,81.529999
2012,Canada,81.660004
2013,Canada,81.75
2014,Canada,81.790001
2015,Canada,81.769997
2016,Canada,81.849998
1800,China,32
1801,China,32
1802,China,32
1803,China,32
1804,China,32
1805,China,32
1806,China,32
1807,China,32
1808,China,32
1809,China,32
1810,China,32
1811,China,32
1812,China,32
1813,China,32
1814,China,32
1815,China,32
1816,China,32
1817,China,32
1818,China,32
1819,China,32
1820,China,32
1821,China,32
1822,China,32
1823,China,32
1824,China,32
1825,China,32
1826,China,32
1827,China,32
1828,China,32
1829,China,32
1830,China,32
1831,China,32
1832,China,32
1833,China,32
1834,China,32
1835,China,32
1836,China,32
1837,China,32
1838,China,32
1839,China,32
1840,China,32
1841,China,32
1842,China,32
1843,China,32
1844,China,32
1845,China,32
1846,China,32
1847,China,32
1848,China,32
1849,China,32
1850,China,32
1851,China,31
1852,China,30
1853,China,29
1854,China,28
1855,China,27
1856,China,26
1857,China,26.7125
1858,China,27.424999
1859,China,28.137501
1860,China,28.85
1861,China,29.5625
1862,China,30.275
1863,China,30.987499
1864,China,31.700001
1865,China,31.742857
1866,China,31.785715
1867,China,31.828571
1868,China,31.871429
1869,China,31.914286
1870,China,31.957144
1871,China,32
1872,China,32
1873,China,32
1874,China,32
1875,China,32
1876,China,29.5
1877,China,27.5
1878,China,25.200001
1879,China,28.5
1880,China,32
1881,China,32
1882,China,32
1883,China,32
1884,China,32
1885,China,32
1886,China,32
1887,China,32
1888,China,32
1889,China,32
1890,China,32
1891,China,32
1892,China,32
1893,China,32
1894,China,32
1895,China,32
1896,China,32
1897,China,32
1898,China,32
1899,China,32
1900,China,32
1901,China,32
1902,China,32
1903,China,32
1904,China,32
1905,China,32
1906,China,32
1907,China,32
1908,China,32
1909,China,32
1910,China,32
1911,China,32
1912,China,32
1913,China,32
1914,China,32
1915,China,32
1916,China,32
1917,China,32
1918,China,22.409521
1919,China,32
1920,China,32
1921,China,32
1922,China,32
1923,China,32
1924,China,32
1925,China,32
1926,China,32.360001
1927,China,25.65
1928,China,33.080002
1929,China,29.85
1930,China,33.799999
1931,China,34.200001
1932,China,34.599998
1933,China,35
1934,China,35.400002
1935,China,35.799999
1936,China,36.200001
1937,China,34
1938,China,33.86343
1939,China,34.11343
1940,China,34.36343
1941,China,34
1942,China,32
1943,China,29
1944,China,35
1945,China,37
1946,China,38.5
1947,China,39.599998
1948,China,40.099998
1949,China,40.599998
1950,China,41.589882
1951,China,42.579762
1952,China,43.569641
1953,China,44.559521
1954,China,46.465599
1955,China,48.02216
1956,China,50.445278
1957,China,50.548962
1958,China,50.158401
1959,China,38.40448
1960,China,31.63176
1961,China,34.104481
1962,China,44.501362
1963,China,51.89912
1964,China,53.320721
1965,China,55.646801
1966,China,56.8032
1967,China,58.381119
1968,China,59.405201
1969,China,60.965199
1970,China,62.650799
1971,China,63.737358
1972,China,63.118881
1973,China,62.7808
1974,China,62.499599
1975,China,62.698879
1976,China,62.437359
1977,China,63.967361
1978,China,64.244324
1979,China,65.085358
1980,China,66.122162
1981,China,66.44976
1982,China,67.587997
1983,China,67.848
1984,China,68.099998
1985,China,68.344002
1986,China,68.581001
1987,China,68.809998
1988,China,69.031998
1989,China,69.248001
1990,China,66.959999
1991,China,67.230003
1992,China,67.43
1993,China,67.669998
1994,China,67.940002
1995,China,68.290001
1996,China,68.620003
1997,China,68.919998
1998,China,69.25
1999,China,69.610001
2000,China,69.940002
2001,China,70.220001
2002,China,70.519997
2003,China,71.220001
2004,China,71.779999
2005,China,72.260002
2006,China,72.879997
2007,China,73.379997
2008,China,73.599998
2009,China,74.120003
2010,China,74.419998
2011,China,74.870003
2012,China,75.25
2013,China,75.519997
2014,China,75.68
2015,China,76.040001
2016,China,76.360001
1800,France,33.967171
1801,France,36.374649
1802,France,34.379993
1803,France,30.642622
1804,France,29.381762
1805,France,34.87632
1806,France,35
1807,France,34.200001
1808,France,34.5
1809,France,35
1810,France,37.400002
1811,France,36.099998
1812,France,31.700001
1813,France,31.200001
1814,France,30.1
1815,France,36.5
1816,France,40.040001
1817,France,39.18
1818,France,38.529999
1819,France,37.25
1820,France,39.209999
1821,France,39.830002
1822,France,38.299999
1823,France,39.970001
1824,France,39.139999
1825,France,38.529999
1826,France,37.759998
1827,France,39.349998
1828,France,37.529999
1829,France,39.360001
1830,France,39.560001
1831,France,39.650002
1832,France,35.810001
1833,France,38.830002
1834,France,35.009998
1835,France,39.48
1836,France,41.950001
1837,France,39.380001
1838,France,39.330002
1839,France,40.91
1840,France,40.369999
1841,France,40.68
1842,France,40.009998
1843,France,40.75
1844,France,42.290001
1845,France,43.580002
1846,France,40.669998
1847,France,40.41
1848,France,40.290001
1849,France,35.91
1850,France,43.279999
1851,France,41.77
1852,France,41.32
1853,France,42.52
1854,France,36.130001
1855,France,37.540001
1856,France,40.18
1857,France,39.59
1858,France,39.669998
1859,France,35.259998
1860,France,43.330002
1861,France,40.450001
1862,France,42.700001
1863,France,41.73
1864,France,42.009998
1865,France,40.16
1866,France,41.830002
1867,France,42.330002
1868,France,40.23
1869,France,41.139999
1870,France,36.41
1871,France,29.59
1872,France,42.639999
1873,France,41.75
1874,France,44.299999
1875,France,43.169998
1876,France,43.549999
1877,France,44.330002
1878,France,43.360001
1879,France,43.990002
1880,France,42.73
1881,France,43.549999
1882,France,43.16
1883,France,43.279999
1884,France,42.52
1885,France,43.970001
1886,France,43.169998
1887,France,43.75
1888,France,44.150002
1889,France,45.560001
1890,France,43.360001
1891,France,44.110001
1892,France,43.57
1893,France,43.599998
1894,France,45.529999
1895,France,45.200001
1896,France,47.560001
1897,France,47.93
1898,France,45.990002
1899,France,45.23
1900,France,45.080002
1901,France,47.009998
1902,France,48.009998
1903,France,48.43
1904,France,48.080002
1905,France,48.360001
1906,France,47.740002
1907,France,48.279999
1908,France,49.299999
1909,France,50.009998
1910,France,51.369999
1911,France,48.169998
1912,France,51.619999
1913,France,51.349998
1914,France,37.849998
1915,France,35.630001
1916,France,39.509998
1917,France,42.599998
1918,France,34.34
1919,France,47.52
1920,France,51.599998
1921,France,52.689999
1922,France,54.919998
1923,France,54.650002
1924,France,55.27
1925,France,54.389999
1926,France,54.029999
1927,France,55.799999
1928,France,55.439999
1929,France,54.27
1930,France,56.869999
1931,France,56.93
1932,France,57.259998
1933,France,57.700001
1934,France,58.360001
1935,France,58.32
1936,France,58.810001
1937,France,59.169998
1938,France,58.970001
1939,France,59.619999
1940,France,49.450001
1941,France,57.669998
1942,France,57.439999
1943,France,53.330002
1944,France,47.189999
1945,France,54.959999
1946,France,62.380001
1947,France,63.98
1948,France,65.830002
1949,France,64.919998
1950,France,66.389999
1951,France,66.120003
1952,France,67.410004
1953,France,67.339996
1954,France,68.209999
1955,France,68.470001
1956,France,68.5
1957,France,68.93
1958,France,70.160004
1959,France,70.190002
1960,France,70.400002
1961,France,70.980003
1962,France,70.510002
1963,France,70.360001
1964,France,71.32
1965,France,71.150002
1966,France,71.559998
1967,France,71.550003
1968,France,71.540001
1969,France,71.269997
1970,France,72.160004
1971,France,72.129997
1972,France,72.379997
1973,France,72.540001
1974,France,72.889999
1975,France,72.980003
1976,France,73.220001
1977,France,73.830002
1978,France,73.949997
1979,France,74.260002
1980,France,74.349998
1981,France,74.510002
1982,France,74.889999
1983,France,74.870003
1984,France,75.370003
1985,France,75.470001
1986,France,75.75
1987,France,76.339996
1988,France,76.57
1989,France,76.690002
1990,France,77.160004
1991,France,77.349998
1992,France,77.57
1993,France,77.739998
1994,France,77.949997
1995,France,78.120003
1996,France,78.330002
1997,France,78.650002
1998,France,78.769997
1999,France,78.919998
2000,France,79.120003
2001,France,79.349998
2002,France,79.589996
2003,France,79.769997
2004,France,80.150002
2005,France,80.400002
2006,France,80.669998
2007,France,80.910004
2008,France,81.080002
2009,France,81.290001
2010,France,81.480003
2011,France,81.709999
2012,France,81.839996
2013,France,82.010002
2014,France,82.220001
2015,France,82.269997
2016,France,82.339996
1800,Germany,38.369999
1801,Germany,38.369999
1802,Germany,38.369999
1803,Germany,38.369999
1804,Germany,38.369999
1805,Germany,38.369999
1806,Germany,38.369999
1807,Germany,38.369999
1808,Germany,38.369999
1809,Germany,38.369999
1810,Germany,38.369999
1811,Germany,38.369999
1812,Germany,38.369999
1813,Germany,38.369999
1814,Germany,38.369999
1815,Germany,38.369999
1816,Germany,38.369999
1817,Germany,38.369999
1818,Germany,38.369999
1819,Germany,38.369999
1820,Germany,38.369999
1821,Germany,38.369999
1822,Germany,38.369999
1823,Germany,38.369999
1824,Germany,38.369999
1825,Germany,38.369999
1826,Germany,38.369999
1827,Germany,38.369999
1828,Germany,38.369999
1829,Germany,38.369999
1830,Germany,38.369999
1831,Germany,38.369999
1832,Germany,38.369999
1833,Germany,38.369999
1834,Germany,38.369999
1835,Germany,38.369999
1836,Germany,38.369999
1837,Germany,38.369999
1838,Germany,38.369999
1839,Germany,38.369999
1840,Germany,38.369999
1841,Germany,38.369999
1842,Germany,38.369999
1843,Germany,38.369999
1844,Germany,38.369999
1845,Germany,38.369999
1846,Germany,38.369999
1847,Germany,38.369999
1848,Germany,38.369999
1849,Germany,38.369999
1850,Germany,38.369999
1851,Germany,38.369999
1852,Germany,38.369999
1853,Germany,38.369999
1854,Germany,38.369999
1855,Germany,38.369999
1856,Germany,38.369999
1857,Germany,38.369999
1858,Germany,38.369999
1859,Germany,38.369999
1860,Germany,38.369999
1861,Germany,38.369999
1862,Germany,38.369999
1863,Germany,38.369999
1864,Germany,38.369999
1865,Germany,38.369999
1866,Germany,38.369999
1867,Germany,38.369999
1868,Germany,38.369999
1869,Germany,38.369999
1870,Germany,38.369999
1871,Germany,38.369999
1872,Germany,38.369999
1873,Germany,38.369999
1874,Germany,38.369999
1875,Germany,38.369999
1876,Germany,38.477001
1877,Germany,38.584
1878,Germany,38.691002
1879,Germany,38.798
1880,Germany,38.904999
1881,Germany,39.012001
1882,Germany,39.118999
1883,Germany,39.226002
1884,Germany,39.333
1885,Germany,39.439999
1886,Germany,39.734001
1887,Germany,40.028
1888,Germany,40.321999
1889,Germany,40.616001
1890,Germany,40.91
1891,Germany,41.203999
1892,Germany,41.498001
1893,Germany,41.792
1894,Germany,42.085999
1895,Germany,42.380001
1896,Germany,42.687
1897,Germany,42.993999
1898,Germany,43.300999
1899,Germany,43.608002
1900,Germany,43.915001
1901,Germany,44.222
1902,Germany,44.528999
1903,Germany,44.835999
1904,Germany,45.143002
1905,Germany,45.450001
1906,Germany,46.041668
1907,Germany,46.633335
1908,Germany,47.224998
1909,Germany,47.816666
1910,Germany,48.408333
1911,Germany,49
1912,Germany,49.591667
1913,Germany,50.183334
1914,Germany,46.176483
1915,Germany,40.525562
1916,Germany,38.988819
1917,Germany,40.080376
1918,Germany,32.936821
1919,Germany,48.32066
1920,Germany,53.5
1921,Germany,55.014286
1922,Germany,55.615715
1923,Germany,56.217144
1924,Germany,56.818573
1925,Germany,57.419998
1926,Germany,57.827999
1927,Germany,58.236
1928,Germany,58.644001
1929,Germany,59.051998
1930,Germany,59.459999
1931,Germany,59.868
1932,Germany,60.276001
1933,Germany,60.683998
1934,Germany,61.091999
1935,Germany,61.5
1936,Germany,61.786667
1937,Germany,62.073334
1938,Germany,62.360001
1939,Germany,61
1940,Germany,60.659874
1941,Germany,59
1942,Germany,55
1943,Germany,49.700001
1944,Germany,37
1945,Germany,29
1946,Germany,60.51136
1947,Germany,62.10952
1948,Germany,63.70768
1949,Germany,65.30584
1950,Germany,66.903999
1951,Germany,67.066002
1952,Germany,67.385002
1953,Germany,67.692001
1954,Germany,67.987999
1955,Germany,68.271004
1956,Germany,68.562447
1957,Germany,68.480408
1958,Germany,69.220451
1959,Germany,69.327461
1960,Germany,69.245232
1961,Germany,69.836433
1962,Germany,70.004387
1963,Germany,70.092888
1964,Germany,70.6511
1965,Germany,70.634499
1966,Germany,70.748108
1967,Germany,70.969948
1968,Germany,70.615448
1969,Germany,70.464897
1970,Germany,70.704155
1971,Germany,70.920242
1972,Germany,71.144203
1973,Germany,71.390862
1974,Germany,71.692909
1975,Germany,71.538567
1976,Germany,71.999985
1977,Germany,72.610657
1978,Germany,72.584106
1979,Germany,72.943237
1980,Germany,73.116646
1981,Germany,73.353973
1982,Germany,73.656998
1983,Germany,73.935532
1984,Germany,74.413895
1985,Germany,74.517555
1986,Germany,74.72496
1987,Germany,75.122932
1988,Germany,75.295944
1989,Germany,75.478043
1990,Germany,75.470001
1991,Germany,75.709999
1992,Germany,76
1993,Germany,76.169998
1994,Germany,76.400002
1995,Germany,76.639999
1996,Germany,76.889999
1997,Germany,77.18
1998,Germany,77.449997
1999,Germany,77.730003
2000,Germany,78.019997
2001,Germany,78.300003
2002,Germany,78.519997
2003,Germany,78.720001
2004,Germany,79.019997
2005,Germany,79.25
2006,Germany,79.489998
2007,Germany,79.669998
2008,Germany,79.830002
2009,Germany,79.970001
2010,Germany,80.139999
2011,Germany,80.32
2012,Germany,80.480003
2013,Germany,80.57
2014,Germany,80.790001
2015,Germany,80.870003
2016,Germany,80.93
1800,India,25.4424
1801,India,25.4424
1802,India,25
1803,India,24
1804,India,23.5
1805,India,25.4424
1806,India,25.4424
1807,India,25.4424
1808,India,25.4424
1809,India,25.4424
1810,India,25.4424
1811,India,25.4424
1812,India,23
1813,India,25.4424
1814,India,25.4424
1815,India,25.4424
1816,India,25.4424
1817,India,25.4424
1818,India,25.4424
1819,India,25.4424
1820,India,25.4424
1821,India,25.4424
1822,India,25.4424
1823,India,25.4424
1824,India,25.4424
1825,India,25.4424
1826,India,25.4424
1827,India,25.4424
1828,India,25.4424
1829,India,25.4424
1830,India,25.4424
1831,India,25.4424
1832,India,23
1833,India,22
1834,India,25.4424
1835,India,25.4424
1836,India,25.4424
1837,India,24.299999
1838,India,23.9
1839,India,25.4424
1840,India,25.4424
1841,India,25.4424
1842,India,25.4424
1843,India,25.4424
1844,India,25.4424
1845,India,25.4424
1846,India,25.4424
1847,India,25.4424
1848,India,25.4424
1849,India,25.4424
1850,India,25.4424
1851,India,25.4424
1852,India,25.4424
1853,India,25.4424
1854,India,25.4424
1855,India,25.4424
1856,India,25.4424
1857,India,25.4424
1858,India,25.4424
1859,India,25.4424
1860,India,23
1861,India,22
1862,India,25.4424
1863,India,25.4424
1864,India,25.252296
1865,India,25.252296
1866,India,21.039825
1867,India,25.252296
1868,India,25.252296
1869,India,21.304474
1870,India,25.4424
1871,India,25.4424
1872,India,25.4424
1873,India,25.4424
1874,India,25.4424
1875,India,25.110001
1876,India,20
1877,India,19
1878,India,20
1879,India,25.4424
1880,India,25.4424
1881,India,25.4424
1882,India,25.3248
1883,India,25.207199
1884,India,25.0896
1885,India,24.972
1886,India,24.854401
1887,India,24.736799
1888,India,24.417561
1889,India,24.300924
1890,India,24.384001
1891,India,23.025278
1892,India,22.654757
1893,India,24.110241
1894,India,24.03216
1895,India,23.950001
1896,India,22.75
1897,India,19.85
1898,India,25.75
1899,India,23.35
1900,India,18.35
1901,India,23.049999
1902,India,23.6
1903,India,23.417761
1904,India,22
1905,India,21.9
1906,India,21.886934
1907,India,19.238894
1908,India,23.248159
1909,India,23.214239
1910,India,23.180321
1911,India,23.1464
1912,India,23.338577
1913,India,23.530756
1914,India,23.722933
1915,India,23.915112
1916,India,24.107288
1917,India,24.299467
1918,India,8.1088362
1919,India,24.578934
1920,India,24.718666
1921,India,24.8584
1922,India,25.304001
1923,India,25.749599
1924,India,26.1952
1925,India,26.6408
1926,India,27.086399
1927,India,27.532
1928,India,27.9776
1929,India,28.423201
1930,India,28.868799
1931,India,29.3144
1932,India,29.642241
1933,India,29.970079
1934,India,30.29792
1935,India,30.625759
1936,India,30.9536
1937,India,31.281441
1938,India,31.60928
1939,India,31.93712
1940,India,32.264961
1941,India,32.5928
1942,India,32.841377
1943,India,32.099751
1944,India,32.596069
1945,India,33.587112
1946,India,33.83569
1947,India,32.378502
1948,India,34.08567
1949,India,34.581421
1950,India,34.830002
1951,India,35.167
1952,India,35.842999
1953,India,36.521999
1954,India,37.203999
1955,India,37.889
1956,India,38.577999
1957,India,39.271
1958,India,39.969002
1959,India,40.674999
1960,India,41.390999
1961,India,42.118999
1962,India,42.860001
1963,India,43.612999
1964,India,44.375
1965,India,45.140999
1966,India,45.903
1967,India,46.654999
1968,India,47.394001
1969,India,48.118999
1970,India,48.835999
1971,India,49.554001
1972,India,50.280998
1973,India,51.014999
1974,India,51.75
1975,India,52.470001
1976,India,53.159
1977,India,53.799999
1978,India,54.382999
1979,India,54.903
1980,India,55.362999
1981,India,55.766998
1982,India,56.131001
1983,India,56.470001
1984,India,56.792
1985,India,57.102001
1986,India,57.400002
1987,India,57.687
1988,India,57.964001
1989,India,58.237999
1990,India,58.959999
1991,India,59.310001
1992,India,59.650002
1993,India,60.02
1994,India,60.380001
1995,India,60.73
1996,India,61.029999
1997,India,61.279999
1998,India,61.610001
1999,India,61.939999
2000,India,62.290001
2001,India,62.619999
2002,India,63
2003,India,63.400002
2004,India,63.77
2005,India,64.160004
2006,India,64.550003
2007,India,64.93
2008,India,65.32
2009,India,65.730003
2010,India,66.120003
2011,India,66.510002
2012,India,66.910004
2013,India,67.279999
2014,India,67.720001
2015,India,68.099998
2016,India,68.550003
1800,Italy,29.690001
1801,Italy,29.690001
1802,Italy,29.690001
1803,Italy,29.690001
1804,Italy,29.690001
1805,Italy,29.690001
1806,Italy,29.690001
1807,Italy,29.690001
1808,Italy,29.690001
1809,Italy,29.690001
1810,Italy,29.690001
1811,Italy,29.690001
1812,Italy,29.690001
1813,Italy,29.690001
1814,Italy,29.690001
1815,Italy,29.690001
1816,Italy,29.690001
1817,Italy,29.690001
1818,Italy,29.690001
1819,Italy,29.690001
1820,Italy,29.690001
1821,Italy,29.690001
1822,Italy,29.690001
1823,Italy,29.690001
1824,Italy,29.690001
1825,Italy,29.690001
1826,Italy,29.690001
1827,Italy,29.690001
1828,Italy,29.690001
1829,Italy,29.690001
1830,Italy,29.690001
1831,Italy,29.690001
1832,Italy,29.690001
1833,Italy,29.690001
1834,Italy,29.690001
1835,Italy,29.690001
1836,Italy,29.690001
1837,Italy,29.690001
1838,Italy,29.690001
1839,Italy,29.690001
1840,Italy,29.690001
1841,Italy,29.690001
1842,Italy,29.690001
1843,Italy,29.690001
1844,Italy,29.690001
1845,Italy,29.690001
1846,Italy,29.690001
1847,Italy,29.690001
1848,Italy,29.690001
1849,Italy,29.690001
1850,Italy,29.690001
1851,Italy,29.690001
1852,Italy,29.690001
1853,Italy,29.690001
1854,Italy,29.690001
1855,Italy,29.690001
1856,Italy,29.690001
1857,Italy,29.690001
1858,Italy,29.690001
1859,Italy,29.690001
1860,Italy,29.690001
1861,Italy,29.690001
1862,Italy,29.690001
1863,Italy,29.690001
1864,Italy,29.690001
1865,Italy,29.690001
1866,Italy,29.690001
1867,Italy,29.690001
1868,Italy,29.690001
1869,Italy,29.690001
1870,Italy,29.690001
1871,Italy,29.690001
1872,Italy,29.690001
1873,Italy,31.6
1874,Italy,31.75
1875,Italy,31.309999
1876,Italy,33.599998
1877,Italy,34.880001
1878,Italy,34.32
1879,Italy,33.950001
1880,Italy,32.740002
1881,Italy,34.200001
1882,Italy,34.290001
1883,Italy,35.18
1884,Italy,36.599998
1885,Italy,36.830002
1886,Italy,35.099998
1887,Italy,35.970001
1888,Italy,36.919998
1889,Italy,39.049999
1890,Italy,38.5
1891,Italy,38.459999
1892,Italy,38.84
1893,Italy,39.790001
1894,Italy,39.91
1895,Italy,39.610001
1896,Italy,40.700001
1897,Italy,43.290001
1898,Italy,42.330002
1899,Italy,43.669998
1900,Italy,41.66
1901,Italy,43.52
1902,Italy,42.990002
1903,Italy,43.150002
1904,Italy,44.43
1905,Italy,43.939999
1906,Italy,45.09
1907,Italy,45.450001
1908,Italy,43.189999
1909,Italy,44.669998
1910,Italy,46.75
1911,Italy,44.77
1912,Italy,48.98
1913,Italy,48.459999
1914,Italy,49.889999
1915,Italy,42.34
1916,Italy,39.27
1917,Italy,37.689999
1918,Italy,25.620001
1919,Italy,42.099998
1920,Italy,45.509998
1921,Italy,49.25
1922,Italy,50.009998
1923,Italy,51.450001
1924,Italy,51.509998
1925,Italy,51.310001
1926,Italy,50.959999
1927,Italy,52.580002
1928,Italy,52.669998
1929,Italy,52.290001
1930,Italy,55.200001
1931,Italy,54.779999
1932,Italy,54.77
1933,Italy,56.290001
1934,Italy,56.860001
1935,Italy,56.220001
1936,Italy,56.75
1937,Italy,55.490002
1938,Italy,56.130001
1939,Italy,57.639999
1940,Italy,56.950001
1941,Italy,54.619999
1942,Italy,52.450001
1943,Italy,49.189999
1944,Italy,52.34
1945,Italy,54.779999
1946,Italy,58.970001
1947,Italy,61.18
1948,Italy,63.450001
1949,Italy,64.110001
1950,Italy,65.769997
1951,Italy,65.309998
1952,Italy,65.940002
1953,Italy,66.580002
1954,Italy,67.900002
1955,Italy,68.25
1956,Italy,67.639999
1957,Italy,67.809998
1958,Italy,68.870003
1959,Italy,69.32
1960,Italy,69.209999
1961,Italy,69.849998
1962,Italy,69.239998
1963,Italy,69.349998
1964,Italy,70.400002
1965,Italy,70.269997
1966,Italy,71.019997
1967,Italy,71.059998
1968,Italy,70.879997
1969,Italy,70.900002
1970,Italy,71.660004
1971,Italy,71.910004
1972,Italy,72.190002
1973,Italy,72.129997
1974,Italy,72.849998
1975,Italy,72.760002
1976,Italy,73.110001
1977,Italy,73.480003
1978,Italy,73.830002
1979,Italy,74.160004
1980,Italy,74.120003
1981,Italy,74.510002
1982,Italy,74.980003
1983,Italy,74.800003
1984,Italy,75.559998
1985,Italy,75.669998
1986,Italy,76
1987,Italy,76.419998
1988,Italy,76.599998
1989,Italy,77
1990,Italy,77.019997
1991,Italy,77.190002
1992,Italy,77.410004
1993,Italy,77.620003
1994,Italy,77.849998
1995,Italy,78.120003
1996,Italy,78.330002
1997,Italy,78.690002
1998,Italy,78.970001
1999,Italy,79.269997
2000,Italy,79.599998
2001,Italy,79.93
2002,Italy,80.169998
2003,Italy,80.269997
2004,Italy,80.720001
2005,Italy,80.910004
2006,Italy,81.089996
2007,Italy,81.269997
2008,Italy,81.459999
2009,Italy,81.57
2010,Italy,81.779999
2011,Italy,81.919998
2012,Italy,82.019997
2013,Italy,82.239998
2014,Italy,82.290001
2015,Italy,82.330002
2016,Italy,82.339996
1800,Japan,36.400002
1801,Japan,36.400398
1802,Japan,36.400795
1803,Japan,36.401192
1804,Japan,36.401588
1805,Japan,36.401989
1806,Japan,36.402386
1807,Japan,36.402782
1808,Japan,36.403179
1809,Japan,36.40358
1810,Japan,36.403976
1811,Japan,36.404373
1812,Japan,36.40477
1813,Japan,36.405167
1814,Japan,36.405567
1815,Japan,36.405964
1816,Japan,36.406361
1817,Japan,36.406757
1818,Japan,36.407154
1819,Japan,36.407555
1820,Japan,36.407951
1821,Japan,36.408348
1822,Japan,36.408745
1823,Japan,36.409142
1824,Japan,36.409542
1825,Japan,36.409939
1826,Japan,36.410336
1827,Japan,36.410732
1828,Japan,36.411133
1829,Japan,36.41153
1830,Japan,36.411926
1831,Japan,36.412323
1832,Japan,36.41272
1833,Japan,36.41312
1834,Japan,36.413517
1835,Japan,36.413914
1836,Japan,36.41431
1837,Japan,36.414707
1838,Japan,36.415108
1839,Japan,36.415504
1840,Japan,36.415901
1841,Japan,36.416298
1842,Japan,36.416698
1843,Japan,36.417095
1844,Japan,36.417492
1845,Japan,36.417889
1846,Japan,36.418285
1847,Japan,36.418686
1848,Japan,36.419083
1849,Japan,36.419479
1850,Japan,36.419876
1851,Japan,36.420273
1852,Japan,36.420673
1853,Japan,36.42107
1854,Japan,36.421467
1855,Japan,36.421864
1856,Japan,36.42226
1857,Japan,36.422661
1858,Japan,36.423058
1859,Japan,36.423454
1860,Japan,36.423851
1861,Japan,36.424252
1862,Japan,36.424648
1863,Japan,36.425045
1864,Japan,36.425442
1865,Japan,36.425838
1866,Japan,36.459202
1867,Japan,36.492561
1868,Japan,36.525921
1869,Japan,36.55928
1870,Japan,36.59264
1871,Japan,36.633999
1872,Japan,36.675362
1873,Japan,36.716721
1874,Japan,36.75808
1875,Japan,36.799438
1876,Japan,36.846848
1877,Japan,36.894257
1878,Japan,36.941666
1879,Japan,36.989071
1880,Japan,37.03648
1881,Japan,37.094864
1882,Japan,37.153248
1883,Japan,37.211632
1884,Japan,37.270016
1885,Japan,37.3284
1886,Japan,37.397858
1887,Japan,37.467312
1888,Japan,37.53677
1889,Japan,37.606224
1890,Japan,37.675678
1891,Japan,37.760113
1892,Japan,37.844543
1893,Japan,37.928974
1894,Japan,38.013409
1895,Japan,38.097839
1896,Japan,38.198273
1897,Japan,38.298702
1898,Japan,38.399136
1899,Japan,38.499569
1900,Japan,38.599998
1901,Japan,38.724384
1902,Japan,38.848766
1903,Japan,38.973152
1904,Japan,39.097534
1905,Japan,39.22192
1906,Japan,39.372257
1907,Japan,39.522591
1908,Japan,39.672928
1909,Japan,39.823265
1910,Japan,39.973598
1911,Japan,40.158768
1912,Japan,40.343937
1913,Japan,40.529102
1914,Japan,40.714272
1915,Japan,40.899441
1916,Japan,41.128414
1917,Japan,41.357391
1918,Japan,32.69595
1919,Japan,41.815346
1920,Japan,42.044319
1921,Japan,42.330318
1922,Japan,42.616322
1923,Japan,43.22493
1924,Japan,43.833534
1925,Japan,44.442142
1926,Japan,45.050751
1927,Japan,45.659359
1928,Japan,45.98225
1929,Japan,46.305141
1930,Japan,46.628029
1931,Japan,46.95092
1932,Japan,47.273811
1933,Japan,47.596699
1934,Japan,47.91959
1935,Japan,48.242481
1936,Japan,48.621239
1937,Japan,49
1938,Japan,49
1939,Japan,49
1940,Japan,49
1941,Japan,48.75
1942,Japan,48.5
1943,Japan,46
1944,Japan,40
1945,Japan,30.5368
1946,Japan,46.5
1947,Japan,51.75
1948,Japan,56.889999
1949,Japan,57.759998
1950,Japan,59.299999
1951,Japan,60.990002
1952,Japan,63.029999
1953,Japan,63.369999
1954,Japan,64.610001
1955,Japan,65.769997
1956,Japan,65.629997
1957,Japan,65.5
1958,Japan,67.120003
1959,Japan,67.510002
1960,Japan,67.800003
1961,Japan,68.449997
1962,Japan,68.730003
1963,Japan,69.809998
1964,Japan,70.279999
1965,Japan,70.330002
1966,Japan,71.139999
1967,Japan,71.43
1968,Japan,71.75
1969,Japan,71.980003
1970,Japan,72.07
1971,Japan,72.889999
1972,Japan,73.419998
1973,Japan,73.480003
1974,Japan,73.910004
1975,Japan,74.410004
1976,Japan,74.809998
1977,Japan,75.379997
1978,Japan,75.699997
1979,Japan,76.209999
1980,Japan,76.190002
1981,Japan,76.599998
1982,Japan,77.110001
1983,Japan,77.139999
1984,Japan,77.540001
1985,Japan,77.839996
1986,Japan,78.260002
1987,Japan,78.669998
1988,Japan,78.580002
1989,Japan,79.010002
1990,Japan,78.940002
1991,Japan,79.139999
1992,Japan,79.290001
1993,Japan,79.459999
1994,Japan,79.699997
1995,Japan,79.75
1996,Japan,80.169998
1997,Japan,80.389999
1998,Japan,80.550003
1999,Japan,80.720001
2000,Japan,81.029999
2001,Japan,81.309998
2002,Japan,81.559998
2003,Japan,81.75
2004,Japan,81.93
2005,Japan,82.050003
2006,Japan,82.239998
2007,Japan,82.410004
2008,Japan,82.57
2009,Japan,82.769997
2010,Japan,82.910004
2011,Japan,82.660004
2012,Japan,83.230003
2013,Japan,83.440002
2014,Japan,83.690002
2015,Japan,83.830002
2016,Japan,83.940002
1800,Mexico,26.9
1801,Mexico,26.9
1802,Mexico,26.9
1803,Mexico,26.9
1804,Mexico,26.9
1805,Mexico,26.9
1806,Mexico,26.9
1807,Mexico,26.9
1808,Mexico,26.9
1809,Mexico,26.9
1810,Mexico,26.9
1811,Mexico,26.9
1812,Mexico,26.9
1813,Mexico,26.9
1814,Mexico,26.9
1815,Mexico,26.9
1816,Mexico,26.9
1817,Mexico,26.9
1818,Mexico,26.9
1819,Mexico,26.9
1820,Mexico,26.9
1821,Mexico,26.9
1822,Mexico,26.9
1823,Mexico,26.9
1824,Mexico,26.9
1825,Mexico,26.9
1826,Mexico,26.9
1827,Mexico,26.9
1828,Mexico,26.9
1829,Mexico,26.9
1830,Mexico,26.9
1831,Mexico,26.9
1832,Mexico,26.9
1833,Mexico,26.9
1834,Mexico,26.9
1835,Mexico,26.9
1836,Mexico,26.9
1837,Mexico,26.9
1838,Mexico,26.9
1839,Mexico,26.9
1840,Mexico,26.9
1841,Mexico,26.9
1842,Mexico,26.9
1843,Mexico,26.9
1844,Mexico,26.9
1845,Mexico,26.9
1846,Mexico,26.9
1847,Mexico,26.9
1848,Mexico,26.9
1849,Mexico,26.9
1850,Mexico,26.9
1851,Mexico,26.9
1852,Mexico,26.9
1853,Mexico,26.9
1854,Mexico,26.9
1855,Mexico,26.9
1856,Mexico,26.9
1857,Mexico,26.9
1858,Mexico,26.9
1859,Mexico,26.9
1860,Mexico,26.9
1861,Mexico,26.9
1862,Mexico,26.9
1863,Mexico,26.9
1864,Mexico,26.9
1865,Mexico,26.9
1866,Mexico,26.9
1867,Mexico,26.9
1868,Mexico,26.9
1869,Mexico,26.9
1870,Mexico,26.9
1871,Mexico,26.9
1872,Mexico,26.9
1873,Mexico,26.9
1874,Mexico,26.9
1875,Mexico,26.9
1876,Mexico,26.9
1877,Mexico,26.9
1878,Mexico,26.9
1879,Mexico,26.9
1880,Mexico,26.9
1881,Mexico,26.9
1882,Mexico,26.9
1883,Mexico,26.9
1884,Mexico,26.9
1885,Mexico,26.9
1886,Mexico,26.9
1887,Mexico,26.9
1888,Mexico,26.9
1889,Mexico,26.9
1890,Mexico,26.9
1891,Mexico,25.696667
1892,Mexico,24.493334
1893,Mexico,23.290001
1894,Mexico,26.620001
1895,Mexico,29.52
1896,Mexico,28.799999
1897,Mexico,26.24
1898,Mexico,27.030001
1899,Mexico,24.98
1900,Mexico,27.58
1901,Mexico,26.65
1902,Mexico,28.370001
1903,Mexico,28.68
1904,Mexico,29.09
1905,Mexico,26.799999
1906,Mexico,27.879999
1907,Mexico,27.969999
1908,Mexico,28.719999
1909,Mexico,29.209999
1910,Mexico,27.41
1911,Mexico,27.842501
1912,Mexico,28.275
1913,Mexico,28.7075
1914,Mexico,29.139999
1915,Mexico,29.5725
1916,Mexico,30.004999
1917,Mexico,30.4375
1918,Mexico,18.186424
1919,Mexico,31.3025
1920,Mexico,31.735001
1921,Mexico,32.1675
1922,Mexico,32.599998
1923,Mexico,33.5
1924,Mexico,32.799999
1925,Mexico,32.099998
1926,Mexico,34.200001
1927,Mexico,40.299999
1928,Mexico,34.5
1929,Mexico,35.400002
1930,Mexico,36.200001
1931,Mexico,37.700001
1932,Mexico,38.400002
1933,Mexico,37.299999
1934,Mexico,38.200001
1935,Mexico,40.400002
1936,Mexico,38.299999
1937,Mexico,36.799999
1938,Mexico,39.400002
1939,Mexico,45.5
1940,Mexico,39.200001
1941,Mexico,42.599998
1942,Mexico,39.799999
1943,Mexico,42.799999
1944,Mexico,43.200001
1945,Mexico,44.200001
1946,Mexico,44.799999
1947,Mexico,46.299999
1948,Mexico,48.299999
1949,Mexico,45.799999
1950,Mexico,48.556
1951,Mexico,49.115002
1952,Mexico,50.209999
1953,Mexico,51.254002
1954,Mexico,52.247002
1955,Mexico,53.189999
1956,Mexico,54.081001
1957,Mexico,54.918999
1958,Mexico,55.702
1959,Mexico,56.424
1960,Mexico,57.083
1961,Mexico,57.674
1962,Mexico,58.199001
1963,Mexico,58.661999
1964,Mexico,59.076
1965,Mexico,59.453999
1966,Mexico,59.813999
1967,Mexico,60.172001
1968,Mexico,60.542999
1969,Mexico,60.938999
1970,Mexico,61.368999
1971,Mexico,61.835999
1972,Mexico,62.333
1973,Mexico,62.851002
1974,Mexico,63.383999
1975,Mexico,63.928001
1976,Mexico,64.473999
1977,Mexico,65.015999
1978,Mexico,65.547997
1979,Mexico,66.065002
1980,Mexico,66.563004
1981,Mexico,67.041
1982,Mexico,67.502998
1983,Mexico,67.950996
1984,Mexico,68.387001
1985,Mexico,68.811996
1986,Mexico,69.227997
1987,Mexico,69.637001
1988,Mexico,70.040001
1989,Mexico,70.440002
1990,Mexico,71.510002
1991,Mexico,71.879997
1992,Mexico,72.089996
1993,Mexico,72.300003
1994,Mexico,72.620003
1995,Mexico,72.849998
1996,Mexico,73.220001
1997,Mexico,73.459999
1998,Mexico,73.709999
1999,Mexico,74.129997
2000,Mexico,74.610001
2001,Mexico,74.870003
2002,Mexico,74.889999
2003,Mexico,74.93
2004,Mexico,75.220001
2005,Mexico,75.209999
2006,Mexico,75.459999
2007,Mexico,75.660004
2008,Mexico,75.440002
2009,Mexico,75.349998
2010,Mexico,75.440002
2011,Mexico,75.720001
2012,Mexico,75.879997
2013,Mexico,75.790001
2014,Mexico,75.900002
2015,Mexico,76.190002
2016,Mexico,76.379997
1800,Russia,29.573458
1801,Russia,29.573458
1802,Russia,29.573458
1803,Russia,29.573458
1804,Russia,29.573458
1805,Russia,29.573458
1806,Russia,29.573458
1807,Russia,29.573458
1808,Russia,29.573458
1809,Russia,29.573458
1810,Russia,29.573458
1811,Russia,29.573458
1812,Russia,29.573458
1813,Russia,29.573458
1814,Russia,29.573458
1815,Russia,29.573458
1816,Russia,29.573458
1817,Russia,29.573458
1818,Russia,29.573458
1819,Russia,29.573458
1820,Russia,29.573458
1821,Russia,29.573458
1822,Russia,29.573458
1823,Russia,29.573458
1824,Russia,29.573458
1825,Russia,29.573458
1826,Russia,29.573458
1827,Russia,29.573458
1828,Russia,29.573458
1829,Russia,29.573458
1830,Russia,29.573458
1831,Russia,29.573458
1832,Russia,29.573458
1833,Russia,29.573458
1834,Russia,29.573458
1835,Russia,29.573458
1836,Russia,29.573458
1837,Russia,29.573458
1838,Russia,29.573458
1839,Russia,29.573458
1840,Russia,29.573458
1841,Russia,29.573458
1842,Russia,29.573458
1843,Russia,29.573458
1844,Russia,29.573458
1845,Russia,29.573458
1846,Russia,29.573458
1847,Russia,29.573458
1848,Russia,18
1849,Russia,29.573458
1850,Russia,29.573458
1851,Russia,29.573458
1852,Russia,29.573458
1853,Russia,29.5
1854,Russia,27.5
1855,Russia,27.5
1856,Russia,29
1857,Russia,29.573458
1858,Russia,29.573458
1859,Russia,29.573458
1860,Russia,29.573458
1861,Russia,29.573458
1862,Russia,29.573458
1863,Russia,29.573458
1864,Russia,29.573458
1865,Russia,29.573458
1866,Russia,29.573458
1867,Russia,29.573458
1868,Russia,27.851233
1869,Russia,27.934912
1870,Russia,31.120827
1871,Russia,28.103025
1872,Russia,25.916433
1873,Russia,29.484869
1874,Russia,30.474104
1875,Russia,31.120827
1876,Russia,30.93466
1877,Russia,31.308113
1878,Russia,27.767805
1879,Russia,30.841995
1880,Russia,30.201067
1881,Russia,32.164948
1882,Russia,26.705706
1883,Russia,29.045897
1884,Russia,32.749157
1885,Russia,30.841995
1886,Russia,34.256531
1887,Russia,33.244099
1888,Russia,33.144516
1889,Russia,31.027603
1890,Russia,29.930477
1891,Russia,26.387152
1892,Russia,21.261061
1893,Russia,27.601696
1894,Russia,28.103025
1895,Russia,26.947142
1896,Russia,28.27215
1897,Russia,30.474104
1898,Russia,27.934912
1899,Russia,31.591158
1900,Russia,30.749607
1901,Russia,29.045897
1902,Russia,29.84082
1903,Russia,31.781273
1904,Russia,32.164948
1905,Russia,30.474104
1906,Russia,31.972534
1907,Russia,33.645432
1908,Russia,33.645432
1909,Russia,32.358517
1910,Russia,31.402178
1911,Russia,35.088634
1912,Russia,35.512234
1913,Russia,33.343979
1914,Russia,33
1915,Russia,31.5
1916,Russia,31.5
1917,Russia,29
1918,Russia,23
1919,Russia,25
1920,Russia,20.5
1921,Russia,23.799999
1922,Russia,24.700001
1923,Russia,33.599998
1924,Russia,36.099998
1925,Russia,35.200001
1926,Russia,38.400002
1927,Russia,37.5
1928,Russia,38.900002
1929,Russia,37.400002
1930,Russia,36.5
1931,Russia,35
1932,Russia,32.799999
1933,Russia,17.35
1934,Russia,38.200001
1935,Russia,39.599998
1936,Russia,41.099998
1937,Russia,39.900002
1938,Russia,41.400002
1939,Russia,43.599998
1940,Russia,41.200001
1941,Russia,23
1942,Russia,18
1943,Russia,16
1944,Russia,27
1945,Russia,34
1946,Russia,46.099998
1947,Russia,40.400002
1948,Russia,52.200001
1949,Russia,55
1950,Russia,57.299999
1951,Russia,57.799999
1952,Russia,58.200001
1953,Russia,59
1954,Russia,61
1955,Russia,63.400002
1956,Russia,64.900002
1957,Russia,64
1958,Russia,66.900002
1959,Russia,67.650002
1960,Russia,68.669998
1961,Russia,68.919998
1962,Russia,68.580002
1963,Russia,69.050003
1964,Russia,69.849998
1965,Russia,69.440002
1966,Russia,69.510002
1967,Russia,69.300003
1968,Russia,69.260002
1969,Russia,68.739998
1970,Russia,68.860001
1971,Russia,69.120003
1972,Russia,69.019997
1973,Russia,69
1974,Russia,68.989998
1975,Russia,68.349998
1976,Russia,68.099998
1977,Russia,67.970001
1978,Russia,68.010002
1979,Russia,67.730003
1980,Russia,67.699997
1981,Russia,67.919998
1982,Russia,68.379997
1983,Russia,68.150002
1984,Russia,67.669998
1985,Russia,68.330002
1986,Russia,69.949997
1987,Russia,69.959999
1988,Russia,69.809998
1989,Russia,69.730003
1990,Russia,69.169998
1991,Russia,68.959999
1992,Russia,67.75
1993,Russia,65.129997
1994,Russia,63.75
1995,Russia,64.339996
1996,Russia,65.629997
1997,Russia,66.800003
1998,Russia,67.089996
1999,Russia,65.870003
2000,Russia,65.279999
2001,Russia,65.279999
2002,Russia,65.129997
2003,Russia,65.18
2004,Russia,65.459999
2005,Russia,65.610001
2006,Russia,66.849998
2007,Russia,67.559998
2008,Russia,67.870003
2009,Russia,68.849998
2010,Russia,69.220001
2011,Russia,69.860001
2012,Russia,70.449997
2013,Russia,70.760002
2014,Russia,70.860001
2015,Russia,70.830002
2016,Russia,70.870003
1800,Spain,29.5
1801,Spain,29.5
1802,Spain,29.5
1803,Spain,29.5
1804,Spain,29.5
1805,Spain,29.5
1806,Spain,29.5
1807,Spain,29.5
1808,Spain,29.5
1809,Spain,29.5
1810,Spain,29.5
1811,Spain,29.5
1812,Spain,29.5
1813,Spain,29.5
1814,Spain,29.5
1815,Spain,29.5
1816,Spain,29.5
1817,Spain,29.5
1818,Spain,29.5
1819,Spain,29.5
1820,Spain,29.5
1821,Spain,29.5
1822,Spain,29.5
1823,Spain,29.5
1824,Spain,29.5
1825,Spain,29.5
1826,Spain,29.5
1827,Spain,29.5
1828,Spain,29.5
1829,Spain,29.5
1830,Spain,29.5
1831,Spain,29.5
1832,Spain,29.5
1833,Spain,29.5
1834,Spain,29.5
1835,Spain,29.5
1836,Spain,29.5
1837,Spain,29.5
1838,Spain,29.5
1839,Spain,29.5
1840,Spain,29.5
1841,Spain,29.5
1842,Spain,29.5
1843,Spain,29.5
1844,Spain,29.5
1845,Spain,29.5
1846,Spain,29.5
1847,Spain,29.5
1848,Spain,29.5
1849,Spain,29.5
1850,Spain,29.5
1851,Spain,29.5
1852,Spain,29.5
1853,Spain,29.5
1854,Spain,29.5
1855,Spain,29.5
1856,Spain,29.5
1857,Spain,29.5
1858,Spain,29.5
1859,Spain,29.5
1860,Spain,29.5
1861,Spain,29.5
1862,Spain,29.5
1863,Spain,29.5
1864,Spain,29.5
1865,Spain,29.5
1866,Spain,29.5
1867,Spain,29.5
1868,Spain,29.5
1869,Spain,29.5
1870,Spain,29.5
1871,Spain,29.5
1872,Spain,29.5
1873,Spain,29.5
1874,Spain,29.5
1875,Spain,29.5
1876,Spain,29.5
1877,Spain,29.5
1878,Spain,29.5
1879,Spain,29.5
1880,Spain,29.5
1881,Spain,29.5
1882,Spain,29.5
1883,Spain,29.76
1884,Spain,30.02
1885,Spain,30.280001
1886,Spain,30.540001
1887,Spain,30.799999
1888,Spain,31.059999
1889,Spain,31.32
1890,Spain,31.58
1891,Spain,31.84
1892,Spain,32.099998
1893,Spain,32.4375
1894,Spain,32.775002
1895,Spain,33.112499
1896,Spain,33.450001
1897,Spain,33.787498
1898,Spain,34.125
1899,Spain,34.462502
1900,Spain,34.799999
1901,Spain,35.631248
1902,Spain,36.462502
1903,Spain,37.293751
1904,Spain,38.125
1905,Spain,38.956249
1906,Spain,39.787498
1907,Spain,40.618752
1908,Spain,41.450001
1909,Spain,41.060001
1910,Spain,40.919998
1911,Spain,39.799999
1912,Spain,43.529999
1913,Spain,42.560001
1914,Spain,42.84
1915,Spain,43.049999
1916,Spain,43.98
1917,Spain,42.630001
1918,Spain,30.290001
1919,Spain,41.119999
1920,Spain,39.310001
1921,Spain,42.029999
1922,Spain,44.209999
1923,Spain,44.75
1924,Spain,46.299999
1925,Spain,46.950001
1926,Spain,47.759998
1927,Spain,48.490002
1928,Spain,48.669998
1929,Spain,49.490002
1930,Spain,49.34
1931,Spain,49.25
1932,Spain,51.200001
1933,Spain,51.599998
1934,Spain,52.240002
1935,Spain,52.720001
1936,Spain,50.900002
1937,Spain,47.220001
1938,Spain,47.529999
1939,Spain,47.09
1940,Spain,48.389999
1941,Spain,47.16
1942,Spain,52.48
1943,Spain,54.849998
1944,Spain,56.25
1945,Spain,57.84
1946,Spain,57.57
1947,Spain,59.330002
1948,Spain,61.27
1949,Spain,61.02
1950,Spain,61.869999
1951,Spain,61.52
1952,Spain,64.940002
1953,Spain,65.809998
1954,Spain,67.010002
1955,Spain,66.779999
1956,Spain,66.82
1957,Spain,66.660004
1958,Spain,68.849998
1959,Spain,68.769997
1960,Spain,69.269997
1961,Spain,69.660004
1962,Spain,69.690002
1963,Spain,69.849998
1964,Spain,70.580002
1965,Spain,70.989998
1966,Spain,71.25
1967,Spain,71.440002
1968,Spain,71.730003
1969,Spain,71.260002
1970,Spain,72.239998
1971,Spain,71.849998
1972,Spain,73.059998
1973,Spain,72.839996
1974,Spain,73.220001
1975,Spain,73.550003
1976,Spain,73.870003
1977,Spain,74.389999
1978,Spain,74.580002
1979,Spain,75.120003
1980,Spain,75.599998
1981,Spain,75.739998
1982,Spain,76.300003
1983,Spain,76.080002
1984,Spain,76.459999
1985,Spain,76.419998
1986,Spain,76.669998
1987,Spain,76.900002
1988,Spain,76.910004
1989,Spain,76.980003
1990,Spain,77.120003
1991,Spain,77.300003
1992,Spain,77.519997
1993,Spain,77.68
1994,Spain,77.940002
1995,Spain,78.150002
1996,Spain,78.360001
1997,Spain,78.699997
1998,Spain,78.919998
1999,Spain,79.110001
2000,Spain,79.400002
2001,Spain,79.669998
2002,Spain,79.830002
2003,Spain,79.980003
2004,Spain,80.25
2005,Spain,80.480003
2006,Spain,80.830002
2007,Spain,81.07
2008,Spain,81.360001
2009,Spain,81.68
2010,Spain,81.970001
2011,Spain,82.18
2012,Spain,82.32
2013,Spain,82.629997
2014,Spain,82.839996
2015,Spain,82.910004
2016,Spain,82.970001
1800,Switzerland,38
1801,Switzerland,38
1802,Switzerland,38
1803,Switzerland,38
1804,Switzerland,38
1805,Switzerland,38
1806,Switzerland,38
1807,Switzerland,38
1808,Switzerland,38
1809,Switzerland,38
1810,Switzerland,38
1811,Switzerland,38
1812,Switzerland,38
1813,Switzerland,38
1814,Switzerland,38
1815,Switzerland,38
1816,Switzerland,38
1817,Switzerland,38
1818,Switzerland,38
1819,Switzerland,38
1820,Switzerland,38
1821,Switzerland,38
1822,Switzerland,38
1823,Switzerland,38
1824,Switzerland,38
1825,Switzerland,38
1826,Switzerland,38
1827,Switzerland,38
1828,Switzerland,38
1829,Switzerland,38
1830,Switzerland,38
1831,Switzerland,38
1832,Switzerland,38
1833,Switzerland,38
1834,Switzerland,38
1835,Switzerland,38
1836,Switzerland,38
1837,Switzerland,38
1838,Switzerland,38
1839,Switzerland,38
1840,Switzerland,38
1841,Switzerland,38
1842,Switzerland,38
1843,Switzerland,38
1844,Switzerland,38
1845,Switzerland,38
1846,Switzerland,38
1847,Switzerland,38
1848,Switzerland,38
1849,Switzerland,38
1850,Switzerland,38
1851,Switzerland,38
1852,Switzerland,38
1853,Switzerland,38
1854,Switzerland,38
1855,Switzerland,38
1856,Switzerland,38
1857,Switzerland,38
1858,Switzerland,38
1859,Switzerland,38
1860,Switzerland,38
1861,Switzerland,38
1862,Switzerland,38
1863,Switzerland,38
1864,Switzerland,38
1865,Switzerland,38
1866,Switzerland,38
1867,Switzerland,38
1868,Switzerland,38
1869,Switzerland,38
1870,Switzerland,38
1871,Switzerland,38
1872,Switzerland,38
1873,Switzerland,38
1874,Switzerland,38
1875,Switzerland,38
1876,Switzerland,40.099998
1877,Switzerland,40.009998
1878,Switzerland,40.470001
1879,Switzerland,41.810001
1880,Switzerland,42.41
1881,Switzerland,41.869999
1882,Switzerland,42.98
1883,Switzerland,44.939999
1884,Switzerland,45
1885,Switzerland,43.830002
1886,Switzerland,44.68
1887,Switzerland,45.439999
1888,Switzerland,45.970001
1889,Switzerland,45.139999
1890,Switzerland,44.950001
1891,Switzerland,44.709999
1892,Switzerland,47.23
1893,Switzerland,46.07
1894,Switzerland,45.790001
1895,Switzerland,46.84
1896,Switzerland,48.880001
1897,Switzerland,49.099998
1898,Switzerland,48.200001
1899,Switzerland,49.290001
1900,Switzerland,47.48
1901,Switzerland,48.939999
1902,Switzerland,50.41
1903,Switzerland,50.029999
1904,Switzerland,49.16
1905,Switzerland,49.669998
1906,Switzerland,50.720001
1907,Switzerland,51.189999
1908,Switzerland,52.259998
1909,Switzerland,51.610001
1910,Switzerland,52.91
1911,Switzerland,51.720001
1912,Switzerland,54.419998
1913,Switzerland,54.209999
1914,Switzerland,55.130001
1915,Switzerland,55.950001
1916,Switzerland,56.59
1917,Switzerland,55.810001
1918,Switzerland,46.299999
1919,Switzerland,54.970001
1920,Switzerland,54.380001
1921,Switzerland,57.869999
1922,Switzerland,58.5
1923,Switzerland,60.040001
1924,Switzerland,59.490002
1925,Switzerland,59.950001
1926,Switzerland,60.639999
1927,Switzerland,60.099998
1928,Switzerland,60.470001
1929,Switzerland,60.169998
1930,Switzerland,61.43
1931,Switzerland,61.240002
1932,Switzerland,61.23
1933,Switzerland,62.41
1934,Switzerland,62.889999
1935,Switzerland,62.130001
1936,Switzerland,63.18
1937,Switzerland,63.509998
1938,Switzerland,63.849998
1939,Switzerland,64.010002
1940,Switzerland,63.580002
1941,Switzerland,64.980003
1942,Switzerland,65.650002
1943,Switzerland,65.839996
1944,Switzerland,64.879997
1945,Switzerland,65.419998
1946,Switzerland,66.07
1947,Switzerland,66.260002
1948,Switzerland,67.339996
1949,Switzerland,67.970001
1950,Switzerland,68.940002
1951,Switzerland,68.709999
1952,Switzerland,69.620003
1953,Switzerland,69.529999
1954,Switzerland,70
1955,Switzerland,70.080002
1956,Switzerland,70.209999
1957,Switzerland,70.559998
1958,Switzerland,71.300003
1959,Switzerland,71.459999
1960,Switzerland,71.440002
1961,Switzerland,71.760002
1962,Switzerland,71.32
1963,Switzerland,71.309998
1964,Switzerland,72.199997
1965,Switzerland,72.330002
1966,Switzerland,72.470001
1967,Switzerland,72.769997
1968,Switzerland,72.720001
1969,Switzerland,72.730003
1970,Switzerland,73.139999
1971,Switzerland,73.260002
1972,Switzerland,73.779999
1973,Switzerland,74.080002
1974,Switzerland,74.43
1975,Switzerland,74.82
1976,Switzerland,74.940002
1977,Switzerland,75.389999
1978,Switzerland,75.339996
1979,Switzerland,75.639999
1980,Switzerland,75.639999
1981,Switzerland,75.870003
1982,Switzerland,76.209999
1983,Switzerland,76.220001
1984,Switzerland,76.82
1985,Switzerland,76.940002
1986,Switzerland,77.110001
1987,Switzerland,77.410004
1988,Switzerland,77.43
1989,Switzerland,77.620003
1990,Switzerland,77.489998
1991,Switzerland,77.639999
1992,Switzerland,77.93
1993,Switzerland,78.220001
1994,Switzerland,78.449997
1995,Switzerland,78.529999
1996,Switzerland,78.980003
1997,Switzerland,79.25
1998,Switzerland,79.510002
1999,Switzerland,79.779999
2000,Switzerland,79.970001
2001,Switzerland,80.209999
2002,Switzerland,80.400002
2003,Switzerland,80.620003
2004,Switzerland,81.029999
2005,Switzerland,81.279999
2006,Switzerland,81.480003
2007,Switzerland,81.690002
2008,Switzerland,81.919998
2009,Switzerland,82.059998
2010,Switzerland,82.300003
2011,Switzerland,82.540001
2012,Switzerland,82.660004
2013,Switzerland,82.800003
2014,Switzerland,83.089996
2015,Switzerland,83.160004
2016,Switzerland,83.18
1800,United Kingdom,38.649761
1801,United Kingdom,37.350822
1802,United Kingdom,38.615601
1803,United Kingdom,37.316845
1804,United Kingdom,41.436916
1805,United Kingdom,42.317261
1806,United Kingdom,43.216114
1807,United Kingdom,40.04594
1808,United Kingdom,40.347794
1809,United Kingdom,41.742203
1810,United Kingdom,38.347382
1811,United Kingdom,39.887272
1812,United Kingdom,41.826324
1813,United Kingdom,43.038368
1814,United Kingdom,40.241531
1815,United Kingdom,41.131779
1816,United Kingdom,39.938316
1817,United Kingdom,41.040718
1818,United Kingdom,39.847767
1819,United Kingdom,40.51926
1820,United Kingdom,41.312477
1821,United Kingdom,41.780403
1822,United Kingdom,41.349724
1823,United Kingdom,40.048023
1824,United Kingdom,39.192757
1825,United Kingdom,39.939877
1826,United Kingdom,39.830349
1827,United Kingdom,41.138859
1828,United Kingdom,42.032665
1829,United Kingdom,41.558071
1830,United Kingdom,43.018311
1831,United Kingdom,40.843559
1832,United Kingdom,40.163628
1833,United Kingdom,41.349632
1834,United Kingdom,40.783878
1835,United Kingdom,41.104195
1836,United Kingdom,41.427021
1837,United Kingdom,40.203598
1838,United Kingdom,40.301132
1839,United Kingdom,40.879307
1840,United Kingdom,39.927151
1841,United Kingdom,41.700001
1842,United Kingdom,41.349998
1843,United Kingdom,41.860001
1844,United Kingdom,41.549999
1845,United Kingdom,42.560001
1846,United Kingdom,39.959999
1847,United Kingdom,38.330002
1848,United Kingdom,39.5
1849,United Kingdom,37.380001
1850,United Kingdom,42.799999
1851,United Kingdom,41.419998
1852,United Kingdom,40.93
1853,United Kingdom,40.560001
1854,United Kingdom,39.34
1855,United Kingdom,41.029999
1856,United Kingdom,43.25
1857,United Kingdom,41.880001
1858,United Kingdom,40.040001
1859,United Kingdom,40.84
1860,United Kingdom,43.009998
1861,United Kingdom,42.380001
1862,United Kingdom,42.52
1863,United Kingdom,40.400002
1864,United Kingdom,39.970001
1865,United Kingdom,40.650002
1866,United Kingdom,40.41
1867,United Kingdom,42.619999
1868,United Kingdom,42
1869,United Kingdom,41.669998
1870,United Kingdom,40.950001
1871,United Kingdom,41.310001
1872,United Kingdom,42.900002
1873,United Kingdom,43.779999
1874,United Kingdom,42.130001
1875,United Kingdom,41.849998
1876,United Kingdom,43.689999
1877,United Kingdom,44.700001
1878,United Kingdom,43.009998
1879,United Kingdom,44.27
1880,United Kingdom,43.779999
1881,United Kingdom,46.110001
1882,United Kingdom,44.869999
1883,United Kingdom,45.09
1884,United Kingdom,44.790001
1885,United Kingdom,45.759998
1886,United Kingdom,45.330002
1887,United Kingdom,45.650002
1888,United Kingdom,46.810001
1889,United Kingdom,46.34
1890,United Kingdom,44.75
1891,United Kingdom,44.290001
1892,United Kingdom,45.509998
1893,United Kingdom,44.869999
1894,United Kingdom,48.34
1895,United Kingdom,45.73
1896,United Kingdom,47.41
1897,United Kingdom,47.23
1898,United Kingdom,46.98
1899,United Kingdom,46.130001
1900,United Kingdom,46.32
1901,United Kingdom,47.91
1902,United Kingdom,49.080002
1903,United Kingdom,50.43
1904,United Kingdom,49.110001
1905,United Kingdom,50.860001
1906,United Kingdom,50.580002
1907,United Kingdom,51.439999
1908,United Kingdom,51.84
1909,United Kingdom,52.52
1910,United Kingdom,53.990002
1911,United Kingdom,51.540001
1912,United Kingdom,54.549999
1913,United Kingdom,53.830002
1914,United Kingdom,51.990002
1915,United Kingdom,48.200001
1916,United Kingdom,47.73
1917,United Kingdom,45.57
1918,United Kingdom,40.43
1919,United Kingdom,54.119999
1920,United Kingdom,56.599998
1921,United Kingdom,58.349998
1922,United Kingdom,57.130001
1923,United Kingdom,59.400002
1924,United Kingdom,58.169998
1925,United Kingdom,58.509998
1926,United Kingdom,59.66
1927,United Kingdom,59.040001
1928,United Kingdom,59.990002
1929,United Kingdom,57.709999
1930,United Kingdom,60.889999
1931,United Kingdom,60.110001
1932,United Kingdom,60.630001
1933,United Kingdom,60.669998
1934,United Kingdom,61.400002
1935,United Kingdom,62.049999
1936,United Kingdom,61.849998
1937,United Kingdom,61.880001
1938,United Kingdom,63.299999
1939,United Kingdom,63.689999
1940,United Kingdom,60.970001
1941,United Kingdom,61.369999
1942,United Kingdom,63.990002
1943,United Kingdom,64.010002
1944,United Kingdom,64.849998
1945,United Kingdom,65.849998
1946,United Kingdom,66.470001
1947,United Kingdom,66.440002
1948,United Kingdom,68.5
1949,United Kingdom,68.190002
1950,United Kingdom,68.699997
1951,United Kingdom,68.300003
1952,United Kingdom,69.599998
1953,United Kingdom,69.870003
1954,United Kingdom,70.239998
1955,United Kingdom,70.209999
1956,United Kingdom,70.480003
1957,United Kingdom,70.599998
1958,United Kingdom,70.779999
1959,United Kingdom,70.879997
1960,United Kingdom,71.099998
1961,United Kingdom,70.849998
1962,United Kingdom,70.919998
1963,United Kingdom,70.830002
1964,United Kingdom,71.620003
1965,United Kingdom,71.610001
1966,United Kingdom,71.529999
1967,United Kingdom,72.160004
1968,United Kingdom,71.790001
1969,United Kingdom,71.75
1970,United Kingdom,72
1971,United Kingdom,72.32
1972,United Kingdom,72.099998
1973,United Kingdom,72.309998
1974,United Kingdom,72.510002
1975,United Kingdom,72.779999
1976,United Kingdom,72.760002
1977,United Kingdom,73.25
1978,United Kingdom,73.18
1979,United Kingdom,73.290001
1980,United Kingdom,73.720001
1981,United Kingdom,74.059998
1982,United Kingdom,74.190002
1983,United Kingdom,74.440002
1984,United Kingdom,74.830002
1985,United Kingdom,74.68
1986,United Kingdom,74.949997
1987,United Kingdom,75.300003
1988,United Kingdom,75.410004
1989,United Kingdom,75.550003
1990,United Kingdom,75.720001
1991,United Kingdom,75.940002
1992,United Kingdom,76.169998
1993,United Kingdom,76.300003
1994,United Kingdom,76.550003
1995,United Kingdom,76.690002
1996,United Kingdom,76.910004
1997,United Kingdom,77.139999
1998,United Kingdom,77.339996
1999,United Kingdom,77.529999
2000,United Kingdom,77.839996
2001,United Kingdom,78.099998
2002,United Kingdom,78.309998
2003,United Kingdom,78.449997
2004,United Kingdom,78.82
2005,United Kingdom,79.099998
2006,United Kingdom,79.379997
2007,United Kingdom,79.639999
2008,United Kingdom,79.879997
2009,United Kingdom,80.169998
2010,United Kingdom,80.389999
2011,United Kingdom,80.580002
2012,United Kingdom,80.68
2013,United Kingdom,80.769997
2014,United Kingdom,80.82
2015,United Kingdom,80.860001
2016,United Kingdom,80.900002
1800,United States,39.41
1801,United States,39.41
1802,United States,39.41
1803,United States,39.41
1804,United States,39.41
1805,United States,39.41
1806,United States,39.41
1807,United States,39.41
1808,United States,39.41
1809,United States,39.41
1810,United States,39.41
1811,United States,39.41
1812,United States,39.41
1813,United States,39.41
1814,United States,39.41
1815,United States,39.41
1816,United States,39.41
1817,United States,39.41
1818,United States,39.41
1819,United States,39.41
1820,United States,39.41
1821,United States,39.41
1822,United States,39.41
1823,United States,39.41
1824,United States,39.41
1825,United States,39.41
1826,United States,39.41
1827,United States,39.41
1828,United States,39.41
1829,United States,39.41
1830,United States,39.41
1831,United States,39.41
1832,United States,39.41
1833,United States,39.41
1834,United States,39.41
1835,United States,39.41
1836,United States,39.41
1837,United States,39.41
1838,United States,39.41
1839,United States,39.41
1840,United States,39.41
1841,United States,39.41
1842,United States,39.41
1843,United States,39.41
1844,United States,39.41
1845,United States,39.41
1846,United States,39.41
1847,United States,39.41
1848,United States,39.41
1849,United States,39.41
1850,United States,39.41
1851,United States,39.41
1852,United States,39.41
1853,United States,39.41
1854,United States,39.41
1855,United States,39.41
1856,United States,39.41
1857,United States,39.41
1858,United States,39.41
1859,United States,39.41
1860,United States,39.41
1861,United States,38
1862,United States,34.5
1863,United States,34
1864,United States,31
1865,United States,38
1866,United States,39.41
1867,United States,39.41
1868,United States,39.41
1869,United States,39.41
1870,United States,39.41
1871,United States,39.41
1872,United States,39.41
1873,United States,39.41
1874,United States,39.41
1875,United States,39.41
1876,United States,39.41
1877,United States,39.41
1878,United States,39.41
1879,United States,39.41
1880,United States,39.41
1881,United States,39.990002
1882,United States,40.57
1883,United States,41.150002
1884,United States,41.73
1885,United States,42.310001
1886,United States,42.889999
1887,United States,43.470001
1888,United States,44.049999
1889,United States,44.630001
1890,United States,45.209999
1891,United States,45.581818
1892,United States,45.953636
1893,United States,46.325455
1894,United States,46.697273
1895,United States,47.069092
1896,United States,47.44091
1897,United States,47.812729
1898,United States,48.184544
1899,United States,48.556362
1900,United States,48.928181
1901,United States,49.299999
1902,United States,50.5
1903,United States,50.599998
1904,United States,49.599998
1905,United States,50.299999
1906,United States,50.099998
1907,United States,50.200001
1908,United States,51.900002
1909,United States,52.799999
1910,United States,51.799999
1911,United States,53.400002
1912,United States,54.099998
1913,United States,53.5
1914,United States,54.599998
1915,United States,55.099998
1916,United States,54.200001
1917,United States,54
1918,United States,47.200001
1919,United States,55.299999
1920,United States,55.400002
1921,United States,58.200001
1922,United States,58.099998
1923,United States,57.5
1924,United States,58.5
1925,United States,58.5
1926,United States,57.900002
1927,United States,59.400002
1928,United States,58.299999
1929,United States,58.5
1930,United States,59.599998
1931,United States,60.299999
1932,United States,61
1933,United States,60.959999
1934,United States,60.290001
1935,United States,60.939999
1936,United States,60.400002
1937,United States,61.099998
1938,United States,62.43
1939,United States,63.119999
1940,United States,63.279999
1941,United States,63.84
1942,United States,64.629997
1943,United States,64.339996
1944,United States,65.129997
1945,United States,65.629997
1946,United States,66.330002
1947,United States,66.730003
1948,United States,67.300003
1949,United States,67.68
1950,United States,68.120003
1951,United States,68.220001
1952,United States,68.440002
1953,United States,68.790001
1954,United States,69.580002
1955,United States,69.629997
1956,United States,69.709999
1957,United States,69.489998
1958,United States,69.760002
1959,United States,69.980003
1960,United States,69.910004
1961,United States,70.32
1962,United States,70.209999
1963,United States,70.040001
1964,United States,70.330002
1965,United States,70.410004
1966,United States,70.43
1967,United States,70.760002
1968,United States,70.419998
1969,United States,70.660004
1970,United States,70.919998
1971,United States,71.239998
1972,United States,71.339996
1973,United States,71.540001
1974,United States,72.080002
1975,United States,72.68
1976,United States,72.989998
1977,United States,73.379997
1978,United States,73.580002
1979,United States,74.029999
1980,United States,73.93
1981,United States,74.360001
1982,United States,74.650002
1983,United States,74.709999
1984,United States,74.809998
1985,United States,74.790001
1986,United States,74.870003
1987,United States,75.010002
1988,United States,75.019997
1989,United States,75.099998
1990,United States,75.449997
1991,United States,75.599998
1992,United States,75.75
1993,United States,75.769997
1994,United States,75.830002
1995,United States,75.959999
1996,United States,76.290001
1997,United States,76.669998
1998,United States,76.800003
1999,United States,76.839996
2000,United States,76.959999
2001,United States,77.040001
2002,United States,77.169998
2003,United States,77.32
2004,United States,77.540001
2005,United States,77.699997
2006,United States,77.949997
2007,United States,78.169998
2008,United States,78.370003
2009,United States,78.599998
2010,United States,78.779999
2011,United States,78.870003
2012,United States,78.940002
2013,United States,78.959999
2014,United States,78.940002
2015,United States,78.870003
2016,United States,78.860001
